id,relevant
18349981,no
497850,no
13699875,no
15826171,yes
18344134,yes
261970,no
6397522,lack of context
7426982,no
19782752,lack of context
3695151,no
21211857,no
5664294,no
16269204,no
2814794,no
3328283,no
19736312,lack of context
5108009,yes
18345018,yes
11099771,yes
20854869,no
5723496,yes
19782095,yes
2957878,yes
11280091,lack of context
6262805,yes
12035594,yes
15848790,no
13478311,yes
268598,yes
10515143,yes
15636726,yes
16825664,yes
1762298,yes
19782875,yes
12379059,yes
9528341,yes
7480538,yes
11290476,no
3720359,yes
13804338,lack of context
10831504,yes
10941123,lack of context
10844304,yes
4632916,yes
2433115,yes
791441,yes
8069375,no
4383547,yes
7597284,yes
19006793,no
9805875,yes
10873981,no
16675202,no
11998445,no
13355578,no
21142212,no
10715421,no
2224312,no
18169756,no
17645079,no
20218098,no
15254922,no
19274329,no
8423933,no
15046117,no
10725978,no
8117501,no
6716819,no
20024635,no
20526721,no
1063341,no
19255088,no
10560452,no
14909225,no
15174105,no
7043945,no
11038770,no
19604287,no
296809,no
4128886,no
7330733,no
10801431,no
2076188,no
13784407,no
2579995,no
1953773,no
20051992,no
12975806,no
16928218,no
216644,no
592875,no
7170749,yes
7284121,no
9684711,no
11025180,no
11521301,no
12339722,no
14696663,yes
321452,yes
1882285,no
3080444,no
4652215,yes
4737885,no
5666257,no
11973954,no
14455541,no
17898835,yes
18014084,no
19628200,no
20661437,no
13639081,cannot decide
15527562,no
19469929,no
21279971,no
21031962,no
21045263,cannot decide
2563236,yes
6160191,yes
16105706,yes
4027770,no
20121184,no
9592110,no
9395241,yes
7465234,no
8462995,no
17252781,no
9970129,yes
423973,no
14972972,no
15852310,cannot decide
7326303,cannot decide
7742762,yes
11069007,cannot decide
2520384,no
15197179,no
6577940,yes
17627963,no
7040278,no
10475572,no
3656487,no
2039068,yes
20369481,yes
20476069,no
1852062,yes
4315709,no
13043297,no
5407072,no
12904138,yes
19012321,no
10969602,no
16494229,yes
2108811,yes
20100542,no
19694302,no
4896387,no
14984903,no
5313073,no
10368887,no
10686887,no
1529562,yes
15515670,no
7320216,no
14030656,no
20527129,no
13242580,no
2858265,no
12468000,yes
10987667,no
13277877,no
20251012,no
19868222,no
15744551,yes
11437093,no
8167609,yes
1069018,no
2595573,yes
3164948,yes
17799736,no
16852705,no
3389558,no
17257803,no
17540963,yes
6203232,yes
4884447,no
8160222,no
18991469,no
16401125,no
20747063,no
3442366,no
12912364,no
10421675,no
1164643,yes
984687,no
20936667,yes
15072586,no
14959898,yes
514112,yes
4634804,yes
5360805,no
7600966,yes
18297376,no
993683,no
7894423,yes
14697637,yes
18957819,no
20807032,yes
2512551,no
9253496,yes
11442366,no
9302771,yes
