item,f_corpus,f_reference
TOTAL,17771448,17479101
Z5,4368651,4328798
Z8,3140322,2377466
A3+,786588,663358
A9+,343245,284924
Z6,342566,297880
Z99,332285,731446
A7+,271154,280024
A1.1.1,223633,214368
B3,208346,23736
X2.1,207440,127491
A13.3,196991,144674
M6,190631,244325
Z4,185776,216203
T1.3,181225,115629
M1,163489,161897
B2-,154833,32089
A14,144851,133303
A6.1-,141960,78456
B1,138381,122056
Q2.2,132284,134770
N1,126187,201933
Q2.1,124537,121474
X2.2+,109096,77962
X7+,108540,96788
T1.1.3,107373,111363
A5.1+,102771,111140
N4,98216,106110
S6+,97467,92994
A2.1+,97387,66629
N5,94433,105761
N5.1+,93943,110934
T1.1.2,92593,68577
Z7,90975,103241
S8+,90855,50284
A2.2,89874,84301
O2,88398,150214
N5+,84572,75823
N5++,82894,81848
S2,81011,86441
E4.1-,77356,11922
I3.1,72214,47226
M2,70485,98361
X8+,60749,39258
T1.1.1,59883,43180
T1,57160,46002
S4,56975,41959
Z2,56055,86449
T2++,55448,41352
X4.1,51151,35612
T2-,49763,35353
E2+,49723,67501
E6-,49169,15372
T2+,47456,37203
Q1.2,47088,86405
N6+,46513,29042
X3.4,46246,68768
A10+,44747,47762
A6.2+,44228,30325
P1,43681,43007
A13.2,41788,35250
S3.1,41529,27168
A5.1-,40128,22453
E3-,39901,36811
A13.4,38295,32061
E4.1+,37597,43478
X2.5+,36710,20556
E1,35880,5351
F1,35521,62905
A4.1,34949,49563
L1+,34925,12014
A9-,34734,42347
S7.1+,33726,49787
Z3,32029,63766
X4.2,30887,34747
E5-,29799,11552
N5-,29142,25474
A13.1,27869,22490
S3.2,27717,30235
A12-,27629,19950
X2.6+,27317,20603
X2.4,26949,35807
Z1,26360,105226
O4.2+,26324,50275
A5.4+,26071,27367
L1-,25162,25242
F2,24940,22093
X3.2,24837,30048
N6,24818,9698
S1.1.1,24776,12738
X5.2++,24684,252
Q3,24643,34513
A6.1+,24320,35556
A11.1+,23976,24807
X5.2+,23942,25008
S9,23487,53294
A5.1++,23358,19005
A8,23160,31910
M3,23081,44900
A13.6,22426,20350
X9.2+,22399,26600
A1.1.2,22232,24479
N5.2+,21702,19513
H4,21229,20584
T3-,21104,28431
O1,20990,15112
X9.2-,20742,15241
N6+++,20530,15830
I1,20430,63655
S5-,20429,12063
M7,19874,44793
X9.1+,19825,21767
O4.1,19751,25760
T1.3+,19675,10308
K5.1,19397,71715
A5.1+++,19328,24972
T3,19258,16731
N3.8+,19201,16783
S7.4+,19158,21342
S5+,19042,48744
A4.2+,19022,20370
O4.2-,18697,15816
S8-,18570,12211
A5.2+,18561,21799
A13.7,17766,14310
T1.1,17737,10959
A1.4,17589,16876
A13.5,17535,21283
A7,17493,16024
M8,16947,12202
A6.1+++,16855,21185
A1.5.1,16815,43530
S1.2.4+,16631,24560
Q1.1,16613,21768
I1.2,16288,18282
T1.2,14924,13034
A5.3+,14817,15670
O4.5,14582,12096
N5.1-,14537,19272
L2,14476,51793
N3.7+,14339,12938
A2.1-,14216,2818
K1,14178,42563
Y2,14085,53953
A7+++,13764,11288
A5.3-,13592,15946
S2.2,13225,42662
I2.2,13075,57104
A10-,12588,16365
N3.5,12558,7694
G1.1,12537,19754
C1,12533,36321
E3+,12459,7714
O4.4,12320,30208
G2.1,12092,26772
A6.2-,12062,10416
E2-,12006,9954
X2.3+,11981,10067
X6+,11763,9010
K2,11716,28009
F3,11603,6927
H1,10899,21238
S1.1.2+,10688,8232
H5,10598,13477
E4.2+,10511,7335
T3---,10469,6144
X5.1+,10295,4842
N3.2-,10253,14628
H2,10229,20371
X2,10212,5187
N3.2+,10166,20010
S1.2.6-,10153,13795
B5,10088,41526
N5+++,10007,13046
N6-,9955,8640
I1.1,9927,21260
B4,9883,15326
A13,9882,8834
O4.3,9756,36126
G2.2-,9714,14369
A5.1--,9525,2595
I1.3,9181,20851
X2.2-,9168,7974
B2,9114,1677
A6.3+,8856,4054
S1.2,8613,6024
A1.7+,8595,13555
Y1,8583,13203
A12+,8457,11181
A1.7-,8389,11490
X9.1-,7814,7005
B2+,7753,3218
W1,7513,14893
L3,7214,16584
W3,7212,21238
S2.1,7170,17234
S1.2.5+,7110,6290
X5.2-,6967,5036
T3+,6901,11549
X3.4+,6895,4405
Q4.3,6802,27626
Q1.3,6802,13669
O1.1,6769,29856
X1,6711,1971
Q4.1,6676,12562
G3,6622,42542
A5.2-,6622,7357
I2.1,6492,13741
N2,6292,9545
A15-,6222,4069
N3.7-,6194,4820
A7-,6147,5264
A1.8+,5965,9554
N3.2+++,5892,6789
A1.9,5455,4856
A5.1---,5371,2749
N3.8-,5257,4660
A11.1-,5257,4747
E6+,5107,4203
T4--,5014,4040
N3.7,4910,7954
G2.1-,4889,14941
O4.6-,4765,12109
W4,4712,7581
O4.6+,4645,14636
O1.2,4544,13377
T1.3-,4430,3001
X2.6-,4324,4640
N5---,4269,6055
A1.4+,4240,2857
A5.1,4198,7619
E4.2-,4167,2666
X2.5-,3990,3872
X5.1-,3948,2394
Q4.2,3874,6867
K4,3825,12845
N3.3-,3810,4598
S1.1.3+,3795,4362
G2.2+,3724,5512
X7-,3708,2576
A1.8-,3651,3886
N3.3,3623,11863
A1.3+,3621,2725
A4.2-,3450,2343
W2,3412,7491
A15+,3377,3645
S1.2.5-,3376,1934
N5.1+++,3330,823
A12++,3327,2814
A1.2+,3312,4259
N3.3+,3276,4462
T2+++,3275,2741
S1.2.3+,3257,2629
X3.3,3197,3082
M4,3175,11795
T4+,3066,3940
S1.2.1+,3006,3455
I3.2+,3001,2220
F2++,2989,1930
T4-,2956,3821
T3--,2948,4443
A1.4-,2926,2516
N5--,2914,3312
S6-,2897,7297
A11.2+,2895,3587
X3.2-,2821,3614
O3,2657,15033
S7.1-,2645,4754
T1.3++,2610,2083
A5.4-,2609,5556
N3.2,2541,7582
I3.1-,2538,3125
S1.2.6+,2502,2078
S1.1.4+,2476,3176
X3.1,2406,6716
S7.2+,2348,3768
A1.5.2+,2342,2658
I4,2329,5340
X9.2,2319,448
F4,2297,7526
E2++,2186,4496
Q4,2184,7997
N3.7++,2087,3259
W2-,1979,2434
A1.3-,1915,219
W5,1889,2135
I1.1-,1829,2577
A6.1,1819,3297
M5,1800,8088
N3.6,1755,3980
N3.1,1710,2964
S1.2.4-,1602,2303
G1.2,1595,16238
S1.2.1-,1594,3098
S7.3+,1591,2850
T3++,1545,2525
E2+++,1533,6304
I1.3+,1473,2932
I1.3-,1460,4567
A1.5.2-,1431,1582
O1.3,1414,6582
F1-,1413,852
N3.8,1375,3291
S7.4-,1353,2834
N3.5+,1335,1749
S1.1.3-,1273,776
S1.2.2+,1136,1419
L1,1121,1605
X3.2+,1118,1462
K3,1101,5487
X3-,1089,583
N3.2++,1046,2953
I3.2,1042,887
E5+,1026,1222
A2.2-,990,814
O1.2-,967,1295
E2,939,269
G2.1+,871,2458
N3,847,1023
X8++,839,587
E4.1++,823,440
X3.5,810,2246
K5.2,792,4767
X7++,791,70
N3.8++,780,1777
S1.2.5++,770,622
X3,733,542
A3-,728,743
N3.3---,681,596
I1.1+,664,3422
N3.6-,656,237
H3,652,2149
N3.3--,644,1011
S7.2-,627,842
A1.6,625,885
K6,608,11012
G2.2,598,940
A1.2-,580,553
H4-,572,383
X2.2,567,2252
X3.4-,554,1102
X8+++,548,190
X2.6,546,207
N3.7---,516,336
A11.1+++,515,981
F2+++,502,155
T1.3+++,501,250
N5.1,474,928
S7.1++,468,667
A11.2-,462,501
S1.1.3+++,462,271
N3.8+++,442,833
N3.4,430,2158
Q2.1-,420,443
B2++,416,129
N3.7+++,404,762
T4,393,187
N3.2--,383,1324
A11.1++,362,378
B5-,357,1274
E4.1+++,344,198
S7.1,338,928
K5,326,2775
S1.2.3-,323,275
A9,282,1421
N3.2---,273,157
O4.6,268,1106
X9.1,265,298
A8+,258,520
E4.1---,257,68
I1.3--,253,1238
A12+++,250,446
A7++,248,168
A6,246,559
T3+++,244,379
A6.2+++,243,159
S1.2.2-,238,402
S1.2.5--,230,197
X6-,230,184
Q2.1+,227,15
X3.1+,226,1295
A1.2,218,479
S7.1--,215,388
N3.4+,208,253
A15++,207,266
I3.2-,201,310
A3,196,289
E3++,186,10
O4.2++,183,501
W2---,163,49
S3.2-,160,76
N3.5-,159,417
X3.2++,134,161
Z7-,131,23
O4.2+++,129,306
S7.3,125,3111
S1.1.1-,122,14
O4.2,121,490
W2--,116,246
X5.1,115,21
A11.1--,113,91
I1.2+,113,114
A1.5.1-,108,371
A1.5.1+,106,242
X7,106,31
X2.1-,102,95
I1.1++,99,182
E4.1--,97,20
X6,97,413
A6.2---,97,121
S1.2.5+++,96,181
I1.1+++,95,394
A2.1,92,281
S1.1.2-,92,151
A1.1.1-,88,113
S9-,88,331
A6.2--,87,117
T4++,85,74
B2+++,85,10
N3.6+,84,176
S3.2+,83,183
X5.2+++,81,129
N3.7--,80,185
P1-,76,108
E3--,74,27
S5+++,73,197
A15+++,71,74
X5.1++,70,17
S3-,70,86
S3.1-,67,38
A1.9-,63,44
E5--,60,26
O4.6++,60,100
I1.3---,58,855
Q2.2-,56,58
O4.6--,55,328
S1.2.6---,52,76
T1.3++++,51,44
S1.1.4-,51,15
E1-,51,66
S1.2.3+++,51,41
N3.8++++,50,78
I1.1--,50,40
A1.5,50,92
A1.5.2,49,280
X9.1+++,47,51
A1.1.2-,45,43
X3.2--,44,67
A5.1---+++,43,19
N5.1++,43,27
G1.1-,41,146
I1.2-,39,64
N3.3++,38,62
B4-,38,62
A5.1++++++,37,46
N5++++,36,99
N6---,36,84
G3-,35,326
A4.2--,32,41
X9.1++,28,138
N3.4-,26,214
A5.2++++,25,4
A5,24,1
N6++++,24,6
S8+++,23,129
S4-,23,60
X8-,21,22
A2.1-+++,19,1
A12--,18,13
A6.2++,17,6
E3++++,17,2
X2.1+,16,12
N3.3+++,16,37
S1.2.4,14,51
X9.2++,14,39
Z99+++,14,11
A6.2++++,14,3
N3.7---+++,13,12
A4.2++,13,8
N5-+++,13,7
A1.7+++,13,6
T1.3-+++,13,10
S4T1.1.1,13,30
A1.3,13,12
O4.2---,13,35
A12++++,13,13
S7.4,12,80
N5.2++,12,20
L2-,12,18
O4.2++++,12,14
T4++++,12,11
E5++,11,14
X2.4-,11,5
A5.2++,11,16
I1.3+++,11,19
B2++++,11,0
A5.3++++,11,3
A5.2+++,11,7
A11.1---,10,8
F2-,10,6
I2,10,84
O4.3-,10,22
A4.2,10,37
B1+++,10,0
X2.2+++,9,748
A15,9,9
Q1.2-,8,35
A5.4+++,8,12
L3-,8,71
F3-,8,22
A4.2++++,8,14
S5-+++,8,2
A5.1++++,8,6
E6++,7,4
S8++++,7,1
A13.3+++,7,10
A10++++,7,0
A2.1--,7,2
A1.8++,6,5
O4.1+++,6,4
N3.7-+++,6,12
S1.2.5---,6,83
A5.3++,6,37
S7.1++++,6,2
E5+++,6,2
A2.2+,6,5
A6.1++++,6,4
X2.4+,6,9
A4.2-+++,5,1
X3.5+,5,13
N4-,5,5
N3.7++++++,5,10
A12,5,5
I1.1---,5,20
S5,4,63
E2--,4,97
X3.2++++,4,4
X9.2+++,4,23
A4.2---,4,1
A1.7,4,2
E3---,4,2
X3.2-+++,4,2
A7++++,4,0
I2.1-,4,30
X3.3+++,4,1
X2.5++++,4,0
X5.2++++,4,1
O4.5+++,3,9
S7.3-,3,8
N3.2---+++,3,2
X2.2++++,3,4
S7.1+++,3,86
A5.4++++,3,3
N3.5--,3,26
N3.2-+++,3,8
T2+++++,3,3
O1.3-,3,19
A15++++,3,2
O1.2+++,3,0
A1.3++++,3,0
N3.8-+++,3,3
X7++++,3,1
N6-+++,3,0
I1.3++,3,26
A9.1+++,2,0
N3.3-+++,2,13
X3.4-+++,2,0
F2+++++,2,1
E2++++,2,0
G1.1+++,2,1
X7.2+,2,14
A11.1,2,6
A12-+++,2,3
S6++,2,6
Q3-,2,1
Q1.2+++,2,0
A13.2+++,2,0
A1.5.2++++,2,0
O1+++,2,0
A10-+++,2,2
O4.6+++,2,11
S1.2.1++++,2,4
P1+++,2,0
X8++++,2,0
S7.4++++,2,0
A1.7++++,2,2
W2+++,2,3
A1.1.2+++,2,0
T4-+++,2,3
S7.3++,2,0
K5.1+++,1,1
A1.2.4-,1,22
S1.2.6-+++,1,0
S1.2.3-+++,1,1
W2-+++,1,0
T1.3++++++,1,0
X5.1-+++,1,0
S1.2.1,1,5
H4+++,1,0
O4.3+++,1,0
X2.4+++,1,0
G1.2-,1,1
S3.2-+++,1,0
S1.2.4-+++,1,0
E1+,1,2
Z4+++,1,1
X9.2++++,1,1
A10---,1,8
A5.2,1,0
N3.7++++,1,19
S2-,1,9
ZZ2,1,0
S8++,1,1
E6++++,1,0
A6.3++,1,0
X5.2-+++,1,3
B3+++,1,0
I3.2++++,1,0
C1+++,1,0
S1.2.3++,1,1
X9.1++++,1,1
S1.2.2++,1,3
A2.1---,1,0
A13.4+++,1,1
X2+++,1,0
I1.3-+++,1,7
S1.2.5++++,1,1
A1.8++++,1,3
S1.2.1+++,1,14
N5---+++,1,3
O4.4+++,1,4
S7.2++++,1,0
E4.2++++,1,0
E4.1++++,1,3
X2.1+++,1,0
T1.3--,1,1
S1.2.6++++,1,1
I1.3---+++,1,3
Q2.1+++,1,0
O4.6++++,1,1
X5.1++++,1,2
Q2.1++,1,0
X2.2++,1,0
G3@,1,5
S7.1-+++,1,0
Q3+++,1,0
O4.2-+++,1,3
F1+++,1,1
O4.6---,1,15
K2+++,1,0
A3++++,1,0
N3.3++++,1,1
G2.2++,1,10
Q2.2+++,1,0
S3.2+++,0,1
I1-,0,1
H5-,0,2
A5.3+++,0,4
G1,0,3
T1+++,0,1
Y2-,0,1
T1.1.2+++,0,1
N3.3++++++,0,1
S1.2.5++++++,0,1
E4.2++,0,1
T1.1.1+++,0,1
A7---,0,1
S1.1.3,0,3
T3-+++,0,4
A6.3++++,0,1
O4.6-+++,0,1
T3++++,0,1
N3.3---+++,0,1
O1.1+++,0,1
A11.1++++,0,1
A15-+++,0,1
G1.1.1,0,1
N5.1++++,0,2
T1.1.2-,0,6
N3.2++++,0,3
S1.1.2,0,1
A1.7-+++,0,1
X2.3,0,2
N3.8++++++,0,2
M7+++,0,1
X3.2+++,0,4
A6.1-+++,0,1
A11.2++++,0,1
G2.2++++,0,2
A4.1-,0,2
K5.1+,0,3
X2.2--,0,3
A15++++++,0,3
I1+++,0,2
X3.5++,0,4
I1.3++++,0,2
A5.1-+++,0,1
A6.2-+++,0,1
A1.3--,0,1
O4.2++++++,0,2
N3.5+++,0,1
T2++++,0,1
E3,0,7
A13.1+++,0,1
E3-+++,0,1
S7.3++++,0,1
